cve_municipio,municipio,localidad,cve_localidad
14,MEZQUITAL,MEZQUITAL,000
14,MEZQUITAL,SAN FRANCISCO DEL MEZQUITAL,001
14,MEZQUITAL,AGUITA ZARCA,004
14,MEZQUITAL,LA JOYA DE ATOTONILCO (ATOTONILCO),005
14,MEZQUITAL,CANDELARIA DEL ALTO,007
14,MEZQUITAL,YONORA,008
14,MEZQUITAL,LOS CHARCOS,011
14,MEZQUITAL,SAN MIGUEL DE LAS ESPINAS,012
14,MEZQUITAL,LA GUACAMAYITA,014
14,MEZQUITAL,LA GUAJOLOTA,015
14,MEZQUITAL,HUAZAMOTA,016
14,MEZQUITAL,LAGUNA DEL CHIVO,018
14,MEZQUITAL,LLANO GRANDE,019
14,MEZQUITAL,PAURA,021
14,MEZQUITAL,SAN JOSE DEL RANCHITO (EL RANCHITO),023
14,MEZQUITAL,EL REFUGIO,024
14,MEZQUITAL,LAS ROSAS (MAZATA),025
14,MEZQUITAL,SAN ANTONIO DE PADUA,028
14,MEZQUITAL,SAN BUENAVENTURA,029
14,MEZQUITAL,SAN LUCAS DE JALPA,031
14,MEZQUITAL,SAN MIGUEL DE TEMOHAYA,032
14,MEZQUITAL,SAN PEDRO DE XICORA,033
14,MEZQUITAL,SANTA GERTRUDIS,034
14,MEZQUITAL,SANTA MARIA DE OCOTAN,035
14,MEZQUITAL,SANTIAGUILLO,036
14,MEZQUITAL,SANTIAGO TENERACA,039
14,MEZQUITAL,EL TRONCON,042
14,MEZQUITAL,XOCONOXTLE,043
14,MEZQUITAL,SAN FRANCISCO DE OCOTAN,044
14,MEZQUITAL,CANOITAS (CANOAS DOS),045
14,MEZQUITAL,PLATANITOS,046
14,MEZQUITAL,LAGUNA DEL BURRO,048
14,MEZQUITAL,TONALAMPA,050
14,MEZQUITAL,CERRITO GORDO,051
14,MEZQUITAL,CHIMALTITA,052
14,MEZQUITAL,CUESTA BLANCA (AGUITA ESCONDIDA),067
14,MEZQUITAL,CEBOLLITAS,073
14,MEZQUITAL,EL DURAZNO (DURAZNITOS),080
14,MEZQUITAL,MESA DE LAS JOYAS,086
14,MEZQUITAL,LAS MESAS DE XOCONOXTLE,090
14,MEZQUITAL,CANDELARITA,094
14,MEZQUITAL,AGUA FRIA,100
14,MEZQUITAL,LA TINAJA,103
14,MEZQUITAL,SOMBRERO QUEMADO,107
14,MEZQUITAL,MURUATA,108
14,MEZQUITAL,CEJA DE LOS CUERVOS,109
14,MEZQUITAL,MESA DE LOS BANCOS,114
14,MEZQUITAL,SAN BERNABE,115
14,MEZQUITAL,AGUA PRIETA,122
14,MEZQUITAL,CHILAPA,123
14,MEZQUITAL,EL CHALATE,127
14,MEZQUITAL,FORTINES (LOS FORTINES),130
14,MEZQUITAL,CACHANTITA,132
14,MEZQUITAL,BANCOS DE CALITIQUE,136
14,MEZQUITAL,LA COFRADIA,137
14,MEZQUITAL,EL CARRIZALILLO,142
14,MEZQUITAL,EL CHAPULIN,150
14,MEZQUITAL,TIERRAS COLORADAS,152
14,MEZQUITAL,LA VENTANA,153
14,MEZQUITAL,LAS ESPINAS,155
14,MEZQUITAL,EL MAGUEY,156
14,MEZQUITAL,LOS AMOLES,157
14,MEZQUITAL,AGUA CALIENTE,170
14,MEZQUITAL,LAS COLORADAS,192
14,MEZQUITAL,LAS FLORES,202
14,MEZQUITAL,LOS ALACRANES,212
14,MEZQUITAL,LOS ARQUITOS,216
14,MEZQUITAL,BRASILES,222
14,MEZQUITAL,LOS CARRIZOS,227
14,MEZQUITAL,CERRITO BLANCO,228
14,MEZQUITAL,CERRO VERDE,229
14,MEZQUITAL,TOYANA,240
14,MEZQUITAL,CIENEGA DEL OSO,241
14,MEZQUITAL,CONEJOS,243
14,MEZQUITAL,LA MESA DE LA GLORIA,252
14,MEZQUITAL,LA GUAJOLOTA,256
14,MEZQUITAL,LECHUGUILLAS,275
14,MEZQUITAL,MACHO PARADO,278
14,MEZQUITAL,MAYPURA DE JALPA,279
14,MEZQUITAL,SAN MIGUEL DE LAS MESAS,281
14,MEZQUITAL,LAS MESAS DEL BAJIO,282
14,MEZQUITAL,LOS MESTEÑOS,285
14,MEZQUITAL,CIENEGA DE MIRASOLES,289
14,MEZQUITAL,LAS NORIAS,292
14,MEZQUITAL,LOS PICACHOS,299
14,MEZQUITAL,PIEDRA DE AMOLAR,300
14,MEZQUITAL,PINOS ALTOS,301
14,MEZQUITAL,PUERTO DEL GUAMUCHIL,306
14,MEZQUITAL,LAS RAMADAS,307
14,MEZQUITAL,SAN DIEGO,315
14,MEZQUITAL,MESA DE SOYATES,321
14,MEZQUITAL,LAS MILPAS,322
14,MEZQUITAL,TEPETATES,324
14,MEZQUITAL,TIERRA ARADA,327
14,MEZQUITAL,LAS VIBORAS,332
14,MEZQUITAL,ZANCUDO DOS,335
14,MEZQUITAL,EL CARRIZAL,355
14,MEZQUITAL,LAS PILAS,358
14,MEZQUITAL,LAS ENRAMADAS,361
14,MEZQUITAL,LA ARENA,364
14,MEZQUITAL,CALITIQUE,374
14,MEZQUITAL,EL POTRERO,399
14,MEZQUITAL,EL SAUCITO,404
14,MEZQUITAL,HUAZAMOTITA,408
14,MEZQUITAL,YERBANIZ,414
14,MEZQUITAL,CHAPOTAN DE ARRIBA,447
14,MEZQUITAL,MESA LA BAYONA (MESA DEL CACAYON),480
14,MEZQUITAL,MESA DE LOS LOBOS (LOBITOS),487
14,MEZQUITAL,LLANITO SORIANA,489
14,MEZQUITAL,LA CIENEGA,491
14,MEZQUITAL,EL RINCON (TRONCONES),500
14,MEZQUITAL,LA CAMPANA,501
14,MEZQUITAL,LAS AGUILILLAS (EL VENADO),508
14,MEZQUITAL,ZALATITA,522
14,MEZQUITAL,LOS ALTOS DE LAS QUEBRADAS,566
14,MEZQUITAL,LA MESA DEL AGUILA,580
14,MEZQUITAL,LA MESA DE SAN ANTONIO,581
14,MEZQUITAL,LA AVISPA,591
14,MEZQUITAL,LA MESA DE SAN BUENA (SAN BUENA),595
14,MEZQUITAL,TACHICHILPA,596
14,MEZQUITAL,LOS HONGOS,598
14,MEZQUITAL,MESA DE LAS MILPAS,607
14,MEZQUITAL,BAJIO DE LA CHINA,608
14,MEZQUITAL,TIERRA BLANCA,614
14,MEZQUITAL,SAN JOSE DEL LLANO,620
14,MEZQUITAL,CERRO DE LAS PAPAS,629
14,MEZQUITAL,LLANO DE JACALITOS,630
14,MEZQUITAL,ARROYO HONDO,632
14,MEZQUITAL,LA MESA DE LA VENTANA,633
14,MEZQUITAL,CERRO PELON,636
14,MEZQUITAL,CURACHITOS (BUENA VISTA),640
14,MEZQUITAL,TEPALCATES,644
14,MEZQUITAL,LOS RATONES,657
14,MEZQUITAL,LAS LECHES,658
14,MEZQUITAL,LA JOYITA ESCONDIDA,660
14,MEZQUITAL,COLOMOS,665
14,MEZQUITAL,CIHUACORA,670
14,MEZQUITAL,LOS AMOLES (LA REJA),708
14,MEZQUITAL,CHICALTITA,714
14,MEZQUITAL,LOS OBSCUROS,716
14,MEZQUITAL,LOS BARBECHOS,752
14,MEZQUITAL,COFRADIA,754
14,MEZQUITAL,LAS CRUCES,774
14,MEZQUITAL,LA CANDELARIA,777
14,MEZQUITAL,LECHERIAS,783
14,MEZQUITAL,EL SAUCITO,791
14,MEZQUITAL,LA PISTA,793
14,MEZQUITAL,LA ESTANCIA,798
14,MEZQUITAL,CERRO BLANCO,807
14,MEZQUITAL,LOS CAPULINES,832
14,MEZQUITAL,YONORA,848
14,MEZQUITAL,MESA DE LAS VACAS,856
14,MEZQUITAL,LOS BARROS,858
14,MEZQUITAL,EL CHARCO VERDE,862
14,MEZQUITAL,LOS GAVILANES,875
14,MEZQUITAL,AGUA VERDE,877
14,MEZQUITAL,TEPETATES DE LA SIERRA,915
14,MEZQUITAL,MESA DE PLATANITOS,922
14,MEZQUITAL,LOS ALAMOS,931
14,MEZQUITAL,BERENJEN (TEPETATES DOS),942
14,MEZQUITAL,CANOAS,947
14,MEZQUITAL,LOS ESPEJOS,980
14,MEZQUITAL,LAS ESPERANZAS,981
14,MEZQUITAL,LOS FRIJOLES,985
14,MEZQUITAL,GUAMUCHIL,991
14,MEZQUITAL,MESA DEL GAVILANCILLO,021
14,MEZQUITAL,LA MESA DEL JABALI (MARRANO PARADO),022
14,MEZQUITAL,LA MESITA,027
14,MEZQUITAL,PINOS ENTERRADOS,054
14,MEZQUITAL,LA VENTANA,083
14,MEZQUITAL,LA TORRECILLA,100
14,MEZQUITAL,BUENA VISTA,116
14,MEZQUITAL,MILPILLAS,154
14,MEZQUITAL,CEJA DE CEBOLLETA,215
14,MEZQUITAL,CHALATE 2,222
14,MEZQUITAL,LA MESA,249
14,MEZQUITAL,CAMPAMENTO CANOAS,269
14,MEZQUITAL,CHICHOCTA,280
14,MEZQUITAL,LOS CORPOS,292
14,MEZQUITAL,LAS JOYAS,443
14,MEZQUITAL,MESA DEL PATA DE GALLO,463
14,MEZQUITAL,LAS CRUCES,597
14,MEZQUITAL,LAS TREMENTINAS,600
14,MEZQUITAL,SAN JOSE DEL BAJIO,637
14,MEZQUITAL,AGUAS NEGRAS,888
14,MEZQUITAL,LA VENTANA SANTIAGO TENERACA,959
14,MEZQUITAL,LA VENTANA ANEXO A LA GUAJOLOTA,960
14,MEZQUITAL,TAXICARINGA,963
14,MEZQUITAL,LA SOLEDAD Y LA SILLA,964
14,MEZQUITAL,SN ANTONIO ANEXO A STGO TENERACA,965
14,MEZQUITAL,EL SAUCILLO,966
14,MEZQUITAL,SAN AGUSTIN DE BUENAVENTURA,967
14,MEZQUITAL,MESA DEL RINCON,971
14,MEZQUITAL,MESA DE TABACOS,972
14,MEZQUITAL,MESA DE LA LAGUNA,973
14,MEZQUITAL,MESA DE LA BAYONA,974
14,MEZQUITAL,LA LAGUNA,980
14,MEZQUITAL,LAGUNA ANEXO A STGO DE TENERACA,982
14,MEZQUITAL,LAS ESPINAS DE STGO. TENERACA,984
14,MEZQUITAL,LA CIENEGA DEL OSO,987
14,MEZQUITAL,CANOAS 3,989
14,MEZQUITAL,BAJIO DEL TABLERO,992
14,MEZQUITAL,BAJIO DE MILPILLAS,993
14,MEZQUITAL,EL ARROYO DEL CARRIZAL,996
14,MEZQUITAL,LOS AGUILARES,998
23,PUEBLO NUEVO,PUEBLO NUEVO,000
23,PUEBLO NUEVO,EL SALTO,001
23,PUEBLO NUEVO,AGUA CALIENTE,003
23,PUEBLO NUEVO,EL AMOLE,005
23,PUEBLO NUEVO,LOS BANCOS,010
23,PUEBLO NUEVO,CALAVERAS,013
23,PUEBLO NUEVO,EL CAMPAMENTO,015
23,PUEBLO NUEVO,EL SAUCITO [DE LAJAS],016
23,PUEBLO NUEVO,CARBONERAS,019
23,PUEBLO NUEVO,CEBOLLAS,020
23,PUEBLO NUEVO,LOS CEDROS,021
23,PUEBLO NUEVO,LA CIUDAD,024
23,PUEBLO NUEVO,CORRALITOS [DE PUEBLO NUEVO],027
23,PUEBLO NUEVO,HACIENDA COYOTES,030
23,PUEBLO NUEVO,CURACHAS,031
23,PUEBLO NUEVO,CHAVARRIA VIEJO,033
23,PUEBLO NUEVO,CHAVARRIA NUEVO,034
23,PUEBLO NUEVO,EL DURAZNO [DE LOS ANGELES],036
23,PUEBLO NUEVO,LA ESCONDIDA [DE CORRALITOS],038
23,PUEBLO NUEVO,GOLONDRINAS [DE CHAVARRIA]S,040
23,PUEBLO NUEVO,EL GUERO DE MILPILLAS,042
23,PUEBLO NUEVO,EL HABAL,043
23,PUEBLO NUEVO,LAS HIGUERAS [DE LOS NARANJOS],044
23,PUEBLO NUEVO,EL JOCUIXTLE,045
23,PUEBLO NUEVO,JAGUEYES,046
23,PUEBLO NUEVO,SAN FRANCISCO DE LAJAS (LAJAS),051
23,PUEBLO NUEVO,ADOLFO RUIZ CORTINES (MARRANERAS),053
23,PUEBLO NUEVO,MESA DE SAN PEDRO,054
23,PUEBLO NUEVO,EL MIL DIEZ,055
23,PUEBLO NUEVO,LLANO GRANDE DE MILPILLAS CHICO,056
23,PUEBLO NUEVO,EL MOLINO,057
23,PUEBLO NUEVO,LOS NARANJOS,058
23,PUEBLO NUEVO,LAS NEGRAS,059
23,PUEBLO NUEVO,EL PALMAR,063
23,PUEBLO NUEVO,LA PEÑA,064
23,PUEBLO NUEVO,PIE DE CUESTA,065
23,PUEBLO NUEVO,PINO GORDO,066
23,PUEBLO NUEVO,PORTALES DE MILPILLAS,067
23,PUEBLO NUEVO,PUEBLO NUEVO (PUEBLO DE CAÑA),068
23,PUEBLO NUEVO,LA PUERTA,070
23,PUEBLO NUEVO,QUEBRADA DEL CAMPAMENTO,071
23,PUEBLO NUEVO,SAN ANTONIO DE ANIMAS,073
23,PUEBLO NUEVO,SAN BERNARDINO DE MILPILLAS CHICO,075
23,PUEBLO NUEVO,SAN ESTEBAN,076
23,PUEBLO NUEVO,SAN JERONIMO,077
23,PUEBLO NUEVO,SAN JUAN [DEL MIL DIEZ],079
23,PUEBLO NUEVO,SAN MANUEL,080
23,PUEBLO NUEVO,SANTA LUCIA,082
23,PUEBLO NUEVO,LA SIERRITA (EL TORIL),083
23,PUEBLO NUEVO,EL TAPEXTLE,084
23,PUEBLO NUEVO,TIERRA BLANCA [DE LA MESA DE SAN PEDRO],086
23,PUEBLO NUEVO,EL ZAPOTE [DE PUEBLO NUEVO],090
23,PUEBLO NUEVO,LOS LIMONES [DE LOS NARANJOS],116
23,PUEBLO NUEVO,LA CUMBRE [DE MILPILLAS],119
23,PUEBLO NUEVO,MAIZ GORDO,120
23,PUEBLO NUEVO,LA VENTANA [DE SARCILLOS],123
23,PUEBLO NUEVO,EL TEMPISQUE,143
23,PUEBLO NUEVO,LA LAGUNA [DE SAN PABLO],160
23,PUEBLO NUEVO,GUAJOLOTES,164
23,PUEBLO NUEVO,LA ENRAMADA,168
23,PUEBLO NUEVO,LAGUNA DE TORTUGAS,177
23,PUEBLO NUEVO,COFRADIA,201
23,PUEBLO NUEVO,LAS CEBOLLAS,213
23,PUEBLO NUEVO,LA FORMACION,215
23,PUEBLO NUEVO,LOS ANGELES,231
23,PUEBLO NUEVO,LAS ADJUNTAS,291
23,PUEBLO NUEVO,LOS BROTOS,307
23,PUEBLO NUEVO,CORRAL DE PIEDRA,329
23,PUEBLO NUEVO,LA PALMA,369
23,PUEBLO NUEVO,SAN BARTOLO,383
23,PUEBLO NUEVO,LA ANGOSTURA,410
23,PUEBLO NUEVO,EL CARRIZO [DE CHAVARRIA],420
23,PUEBLO NUEVO,EL COSCATE,426
23,PUEBLO NUEVO,LA GUACAMAYA,438
23,PUEBLO NUEVO,LAS LAGUNAS,447
23,PUEBLO NUEVO,EL MAGUEY [DE LOS NARANJOS],453
23,PUEBLO NUEVO,PEÑASCO BLANCO 1 (LAS PILAS),466
23,PUEBLO NUEVO,RINCON DE AGUA CALIENTE,476
23,PUEBLO NUEVO,VALLE DE LA BUFA (EL RANCHITO),491
23,PUEBLO NUEVO,LA CRUZ [DE MILPILLAS],530
23,PUEBLO NUEVO,LA CAMPANA [DE SAN JERONIMO],545
23,PUEBLO NUEVO,BALONTITA,565
23,PUEBLO NUEVO,LAS CAÑAS,568
23,PUEBLO NUEVO,EL TASTITO,598
23,PUEBLO NUEVO,EL ENCINAL [DE LA ESCONDIDA],602
23,PUEBLO NUEVO,SAN ANTONIO Y ANEXOS,608
23,PUEBLO NUEVO,LA CIENEGA [DE LOS BANCOS],636
23,PUEBLO NUEVO,SAN PATRICIO [DE MILPILLAS],672
23,PUEBLO NUEVO,CUEVA RASPOSA,708
23,PUEBLO NUEVO,LA LAGUNITA [DE PEÑASCO BLANCO],716
23,PUEBLO NUEVO,TRES LAGUNAS,734
23,PUEBLO NUEVO,AGUA VERDE,735
23,PUEBLO NUEVO,LOS GUAYABOS,736
23,PUEBLO NUEVO,LA CUMBRE [DE SARCILLOS],782
23,PUEBLO NUEVO,LA VINATA,830
23,PUEBLO NUEVO,CARBONERAS,419
23,PUEBLO NUEVO,EL ZARCILLO,933
23,PUEBLO NUEVO,YERBABUENA DE LAJAS,937
23,PUEBLO NUEVO,LA VINATA (EL DATIL),939
23,PUEBLO NUEVO,VICTORIA Y ANEXAS,940
23,PUEBLO NUEVO,LA UNION,942
23,PUEBLO NUEVO,LA UNION DE LAJAS,943
23,PUEBLO NUEVO,SABACORA,957
23,PUEBLO NUEVO,LA PRESA,961
23,PUEBLO NUEVO,NEVEROS,967
23,PUEBLO NUEVO,CEBOLLAS LA CUEVA Y ANEXOS,988
23,PUEBLO NUEVO,CEBOLLAS DE MILPILLAS,989
23,PUEBLO NUEVO,LAS CANAS,990
23,PUEBLO NUEVO,BORBOLLONES,993
23,PUEBLO NUEVO,LAS BAYAS,994
23,PUEBLO NUEVO,LOS ARCOS DE LAJAS,998
26,SAN DIMAS,SAN DIMAS,000
26,SAN DIMAS,TAYOLTITA,001
26,SAN DIMAS,EL ANCON,005
26,SAN DIMAS,LA CANAL DE LA BORREGA,014
26,SAN DIMAS,LAS CEBOLLAS,023
26,SAN DIMAS,CIENEGUITA,024
26,SAN DIMAS,CUATRO CAMINOS,027
26,SAN DIMAS,CUEVECILLAS,028
26,SAN DIMAS,EL CHICURAL,031
26,SAN DIMAS,ESPADAÑAL DE SAN JERONIMO,035
26,SAN DIMAS,GENERAL RAFAEL BUELNA (SOCAVON),042
26,SAN DIMAS,HUACHICHILES,043
26,SAN DIMAS,HUAHUAPAN,049
26,SAN DIMAS,LAS HUERTAS,050
26,SAN DIMAS,LA JOYA,053
26,SAN DIMAS,LA LAGUNA DEL PROGRESO,054
26,SAN DIMAS,LAS MELADAS,059
26,SAN DIMAS,LA PLAZUELA,074
26,SAN DIMAS,SAN ANTONIO DE LA CRUZ,081
26,SAN DIMAS,SAN BLAS,083
26,SAN DIMAS,SAN DIMAS,084
26,SAN DIMAS,SAN FRANCISCO DE LOS LOBOS,086
26,SAN DIMAS,SAN LUIS DE VILLA CORONA,087
26,SAN DIMAS,SAN MIGUEL DE CRUCES,089
26,SAN DIMAS,TAMBORES DE ABAJO (LAS VEGAS),098
26,SAN DIMAS,LAS TRUCHAS,104
26,SAN DIMAS,UNION MODELO (EL PUEBLITO),106
26,SAN DIMAS,VENCEDORES,110
26,SAN DIMAS,LA VENTANA,111
26,SAN DIMAS,VERACRUZ DE LA SIERRA (EL PUEBLO),112
26,SAN DIMAS,GUARISAMEY,117
26,SAN DIMAS,LOS FRESNOS,124
26,SAN DIMAS,CALERITA,125
26,SAN DIMAS,MORILLITOS,127
26,SAN DIMAS,SAN ANTONIO DE LAS TRUCHAS,142
26,SAN DIMAS,SAN MIGUELITO,143
26,SAN DIMAS,DOCE DE MAYO,156
26,SAN DIMAS,PUENTECILLAS,157
26,SAN DIMAS,RIO DE MIRAVALLES,177
26,SAN DIMAS,SAN JOSE DE MIRAVALLES,181
26,SAN DIMAS,BUENAVISTA,207
26,SAN DIMAS,SAN JOSE DE LAS CAUSAS,214
26,SAN DIMAS,LA DESMONTADA,217
26,SAN DIMAS,HUIZAR,224
26,SAN DIMAS,SAN PEDRO DE VILLA CORONA,234
26,SAN DIMAS,LAS FLECHAS,245
26,SAN DIMAS,YERBANIZ,251
26,SAN DIMAS,LA MANGA DE ARRIBA,252
26,SAN DIMAS,LAS ADJUNTAS,264
26,SAN DIMAS,LA BOQUILLA DE SAN LUIS,282
26,SAN DIMAS,HUACHIMETAS DE ARRIBA,328
26,SAN DIMAS,EL PALMITO,365
26,SAN DIMAS,LAS PINTAS,373
26,SAN DIMAS,EL RIO DE SAN LUIS (EL RIYITO),392
26,SAN DIMAS,EL RINCON DE TIERRA BLANCA,393
26,SAN DIMAS,SANTA RITA,411
26,SAN DIMAS,LOS PARAJES DEL FAISAN,449
26,SAN DIMAS,YAMORIBA,469
26,SAN DIMAS,LOS CARDOS,483
26,SAN DIMAS,SAN FRANCISCO,661
26,SAN DIMAS,NOGALES,700
26,SAN DIMAS,SAN MANUEL,968
26,SAN DIMAS,LOS NEGROS,978
26,SAN DIMAS,EL DURAZNO,994
4,CUENCAMÉ  ,CUENCAME,000
4,CUENCAMÉ  ,CUENCAME DE CENICEROS,001
4,CUENCAMÉ  ,EL ALAMILLO,003
4,CUENCAMÉ  ,CERRITO COLORADO (SANTA EULALIA),010
4,CUENCAMÉ  ,CERRO SANTIAGO (CERRO DE SANTIAGO),011
4,CUENCAMÉ  ,LOS CUATILLOS (HACIENDA DE PEDRICEÑA),015
4,CUENCAMÉ  ,CUAUHTEMOC,016
4,CUENCAMÉ  ,COLONIA CHAPALA,019
4,CUENCAMÉ  ,12 DE DICIEMBRE (SOMBRERETILLO),021
4,CUENCAMÉ  ,EMILIANO ZAPATA,022
4,CUENCAMÉ  ,LA FE,025
4,CUENCAMÉ  ,HEROES DE CHAPULTEPEC (SAN SEBASTIAN),028
4,CUENCAMÉ  ,IGNACIO LOPEZ RAYON,030
4,CUENCAMÉ  ,LA LAGUNILLA,032
4,CUENCAMÉ  ,LAS MERCEDES,038
4,CUENCAMÉ  ,COLONIA ORIENTE,040
4,CUENCAMÉ  ,PABLO SIDAR (TEQUESQUITILLO),041
4,CUENCAMÉ  ,PASAJE,042
4,CUENCAMÉ  ,PEDRICEÑA (ESTACION PEDRICEÑA),044
4,CUENCAMÉ  ,PEDRO VELEZ,045
4,CUENCAMÉ  ,ESTACION PROGRESO,048
4,CUENCAMÉ  ,LA PURISIMA,050
4,CUENCAMÉ  ,RAMON CORONA,051
4,CUENCAMÉ  ,LA ROCA,053
4,CUENCAMÉ  ,CINCO DE MAYO (SAN ANGEL),054
4,CUENCAMÉ  ,SAN ANTONIO DEL OJO SECO,055
4,CUENCAMÉ  ,SAN ANTONIO DE LOS GARCIA (OJO ZARCO),056
4,CUENCAMÉ  ,SAN PEDRO DE OCUILA,064
4,CUENCAMÉ  ,SANTA CRUZ DE LA CUCHILLA,066
4,CUENCAMÉ  ,VEINTE AMIGOS,073
4,CUENCAMÉ  ,VELARDEÑA,074
4,CUENCAMÉ  ,LA VIRGEN,075
4,CUENCAMÉ  ,VISTA HERMOSA,076
4,CUENCAMÉ  ,LA PURISIMA,192
4,CUENCAMÉ  ,EL TANQUE,232
4,CUENCAMÉ  ,CHAPULTEPEC,888
4,CUENCAMÉ  ,GRAL S CENICEROS,998
6,SIMÓN BOLÍVAR,SIMON BOLIVAR,000
6,SIMÓN BOLÍVAR,GENERAL SIMON BOLIVAR,001
6,SIMÓN BOLÍVAR,ANTON MARTIN,003
6,SIMÓN BOLÍVAR,DIECIOCHO DE MARZO,004
6,SIMÓN BOLÍVAR,ENRIQUE FLORES MAGON,005
6,SIMÓN BOLÍVAR,LA GRANJA,006
6,SIMÓN BOLÍVAR,HUARICHIC (HUARICHE),007
6,SIMÓN BOLÍVAR,JOSE ISABEL ROBLES,008
6,SIMÓN BOLÍVAR,JOSE TRINIDAD GARCIA DE LA CADENA (SAN RAFAEL),009
6,SIMÓN BOLÍVAR,ORIENTE AGUANAVAL,010
6,SIMÓN BOLÍVAR,EL REFUGIO,011
6,SIMÓN BOLÍVAR,RICARDO FLORES MAGON,012
6,SIMÓN BOLÍVAR,SAN ANTONIO DE ZARAGOZA,013
6,SIMÓN BOLÍVAR,SAN JOSE DE REYES,014
6,SIMÓN BOLÍVAR,SAN JOSE DE ZARAGOZA,015
6,SIMÓN BOLÍVAR,SAN LUIS DE COREA,016
6,SIMÓN BOLÍVAR,PEDRO CELESTINO NEGRETE,017
6,SIMÓN BOLÍVAR,SANTA ROSA,018
6,SIMÓN BOLÍVAR,SANTA ROSALIA,019
6,SIMÓN BOLÍVAR,SAN VICENTE DE MELONES,020
6,SIMÓN BOLÍVAR,SAN JOSE DE SAUCES (SAUCES),021
6,SIMÓN BOLÍVAR,SOMBRERETILLO DEL ALTO,022
6,SIMÓN BOLÍVAR,IGNACIO ZARAGOZA,023
7,GÓMEZ PALACIO,GOMEZ PALACIO,000
7,GÓMEZ PALACIO,GOMEZ PALACIO,001
7,GÓMEZ PALACIO,ARCINAS,032
7,GÓMEZ PALACIO,ARTURO MARTINEZ ADAME,033
7,GÓMEZ PALACIO,LA AURORA,034
7,GÓMEZ PALACIO,EL BARRO,036
7,GÓMEZ PALACIO,BELLA UNION,037
7,GÓMEZ PALACIO,BERLIN,039
7,GÓMEZ PALACIO,BRITTINGHAM,040
7,GÓMEZ PALACIO,BUCARELI,041
7,GÓMEZ PALACIO,COLONIA AGRICOLA BUENDIA,042
7,GÓMEZ PALACIO,CALIFORNIA,044
7,GÓMEZ PALACIO,EL CARIÑO,045
7,GÓMEZ PALACIO,EL CASTILLO,046
7,GÓMEZ PALACIO,LA COMPETENCIA,049
7,GÓMEZ PALACIO,EL CONSUELO,051
7,GÓMEZ PALACIO,CUATRO DE DICIEMBRE (SAGUNDO),053
7,GÓMEZ PALACIO,CHIHUAHUITA (CHIHUAHUITA VIEJO),056
7,GÓMEZ PALACIO,DINAMITA,058
7,GÓMEZ PALACIO,ESMERALDA,064
7,GÓMEZ PALACIO,EUREKA DE MEDIA LUNA (EUREKA),066
7,GÓMEZ PALACIO,EL FENIX,067
7,GÓMEZ PALACIO,FILADELFIA,068
7,GÓMEZ PALACIO,LA FLOR,069
7,GÓMEZ PALACIO,GLORIETA,076
7,GÓMEZ PALACIO,VILLA GREGORIO GARCIA,077
7,GÓMEZ PALACIO,HUITRON,079
7,GÓMEZ PALACIO,INDEPENDENCIA,082
7,GÓMEZ PALACIO,JERUSALEM,085
7,GÓMEZ PALACIO,JIMENEZ (JIMENEZ UNO),086
7,GÓMEZ PALACIO,JOSE MARIA MORELOS Y PAVON,088
7,GÓMEZ PALACIO,LAZARO CARDENAS,090
7,GÓMEZ PALACIO,MANILA,098
7,GÓMEZ PALACIO,MARIA ANTONIETA,101
7,GÓMEZ PALACIO,LAS MACITAS,102
7,GÓMEZ PALACIO,NOE,108
7,GÓMEZ PALACIO,ESTACION NOE,109
7,GÓMEZ PALACIO,NUMANCIA,113
7,GÓMEZ PALACIO,EL PARAISO,114
7,GÓMEZ PALACIO,PASTOR ROUAIX,115
7,GÓMEZ PALACIO,LA PLATA,117
7,GÓMEZ PALACIO,LAS PLAYAS,118
7,GÓMEZ PALACIO,POANAS,119
7,GÓMEZ PALACIO,LA POPULAR,120
7,GÓMEZ PALACIO,PUENTE DE LA TORREÑA,123
7,GÓMEZ PALACIO,EL QUEMADO,124
7,GÓMEZ PALACIO,REFORMA,126
7,GÓMEZ PALACIO,EL RETOÑO,128
7,GÓMEZ PALACIO,RINCONADA,129
7,GÓMEZ PALACIO,RINCON DE SANTA CRUZ,131
7,GÓMEZ PALACIO,SAN ALBERTO,132
7,GÓMEZ PALACIO,SAN FELIPE,135
7,GÓMEZ PALACIO,SAN JOSE DE VIÑEDO,139
7,GÓMEZ PALACIO,SANTA CLARA,145
7,GÓMEZ PALACIO,SANTA CRUZ LUJAN,147
7,GÓMEZ PALACIO,SEIS DE OCTUBRE,151
7,GÓMEZ PALACIO,LA TEHUA,152
7,GÓMEZ PALACIO,TRANSPORTE,154
7,GÓMEZ PALACIO,EL TRIUNFO,155
7,GÓMEZ PALACIO,EL VALLE DE EUREKA,156
7,GÓMEZ PALACIO,VENECIA,159
7,GÓMEZ PALACIO,EL VERGEL,160
7,GÓMEZ PALACIO,EL VERGELITO,161
7,GÓMEZ PALACIO,VICENTE NAVA,162
7,GÓMEZ PALACIO,ESTACION VIÑEDO,163
7,GÓMEZ PALACIO,LA LUZ,183
7,GÓMEZ PALACIO,JOLO [PROPIEDAD PRIVADA],214
7,GÓMEZ PALACIO,SAN ROQUE,228
7,GÓMEZ PALACIO,AMERICA UNO,289
7,GÓMEZ PALACIO,EL RECUERDO,359
7,GÓMEZ PALACIO,LA FORTUNA,456
7,GÓMEZ PALACIO,COLONIA AGRICOLA LA POPULAR,530
7,GÓMEZ PALACIO,LAS LECHUZAS (LAS BRUJAS),659
7,GÓMEZ PALACIO,SAN SEBASTIAN Y SANTA RITA,995
7,GÓMEZ PALACIO,EL NUEVO BARRO SECC 40,997
7,GÓMEZ PALACIO,LUJAN,998
12,LERDO,LERDO,000
12,LERDO,LERDO,001
12,LERDO,ALVARO OBREGON,002
12,LERDO,LOS ANGELES,003
12,LERDO,LA CAMPANA,006
12,LERDO,CARLOS REAL (SAN CARLOS),007
12,LERDO,LAS CUEVAS,010
12,LERDO,EL HUARACHE (EL GUARACHE),018
12,LERDO,LAS ISABELES,019
12,LERDO,LEON GUZMAN,021
12,LERDO,JUAN E. GARCIA,022
12,LERDO,LA LOMA,023
12,LERDO,LA LUZ,024
12,LERDO,LA MINA (EL SARNOSO),026
12,LERDO,MONTERREY,027
12,LERDO,NAZARENO,028
12,LERDO,NAZARENO II (NAZARENO DE ARRIBA),029
12,LERDO,NUEVO GRASEROS,031
12,LERDO,PICARDIAS,033
12,LERDO,LAS PIEDRAS,034
12,LERDO,EL RAYO,036
12,LERDO,EL REFUGIO,037
12,LERDO,ESTACION RIO NAZAS,039
12,LERDO,SALAMANCA,042
12,LERDO,SAN JACINTO,044
12,LERDO,SAN NICOLAS,047
12,LERDO,SANTA ANITA,048
12,LERDO,SAPIORIS,049
12,LERDO,SEIS DE ENERO,050
12,LERDO,LA UNION,053
12,LERDO,EJIDO 21 DE MARZO,055
12,LERDO,VICENTE SUAREZ,056
12,LERDO,CIUDAD JUAREZ,057
12,LERDO,JAVIER ROJO GOMEZ (LA ESPERANZA),058
12,LERDO,VALLECILLOS,065
12,LERDO,VILLA DE GUADALUPE,084
12,LERDO,EL RANCHITO,089
12,LERDO,PRESA FRANCISCO ZARCO,101
12,LERDO,MARGARITO MACHADO (PALOMAS),102
12,LERDO,LA GOMA,137
12,LERDO,VICENTE NAVA (LA GOMITA),169
12,LERDO,NAZARENO DE ABAJO,193
12,LERDO,JUAN JOSE ROJAS,224
12,LERDO,PUENTE DE LA TORREÑA (EL CAPRICHO),256
12,LERDO,EJ. LOS ANGELES,321
12,LERDO,EL ALTO,888
12,LERDO,LA GOLETA,995
12,LERDO,DOLORES,996
12,LERDO,COL CENTAURO DEL NORTE,998
13,MAPIMÍ,MAPIMI,000
13,MAPIMÍ,MAPIMI,001
13,MAPIMÍ,BERMEJILLO,014
13,MAPIMÍ,BUEN DIA,016
13,MAPIMÍ,CEBALLOS,022
13,MAPIMÍ,EL DIAMANTE,035
13,MAPIMÍ,EMILIANO ZAPATA (EL SETENTA),039
13,MAPIMÍ,FRANCISCO MONTES DE OCA (EL ZORRILLO),048
13,MAPIMÍ,JARALITO,063
13,MAPIMÍ,LAS MARIAS,074
13,MAPIMÍ,MARTHA,075
13,MAPIMÍ,SAN AGUSTIN,107
13,MAPIMÍ,SAN ISIDRO DEL DERRAME,124
13,MAPIMÍ,SAN ISIDRO DE YERMO,125
13,MAPIMÍ,SAN JOSE DE BELLAVISTA,130
13,MAPIMÍ,SAN JUAN DE CAÑITAS,132
13,MAPIMÍ,SANTA INES,143
13,MAPIMÍ,LINDAVISTA (BALTAZAR) [PROPIEDAD PRIVADA],144
13,MAPIMÍ,TREINTA DE NOVIEMBRE,157
13,MAPIMÍ,EL VEINTICUATRO,168
13,MAPIMÍ,VEINTIDOS DE FEBRERO,169
13,MAPIMÍ,ESTACION YERMO,177
13,MAPIMÍ,VENUSTIANO CARRANZA (EL SEIS),227
13,MAPIMÍ,SAN MARTIN,254
13,MAPIMÍ,EL MIXTECO (SPR LAZARO CARDENAS),278
13,MAPIMÍ,LA ESPERANZA (PALOMAS),284
13,MAPIMÍ,SANTA ELENA,335
13,MAPIMÍ,SANTA MARIA DE LA PAZ (VIEJO),444
13,MAPIMÍ,OJUELA,545
13,MAPIMÍ,LA ESTRELLA,998
15,NAZAS,NAZAS,000
15,NAZAS,NAZAS,001
15,NAZAS,COLONIA LAS ADJUNTAS,002
15,NAZAS,AGUSTIN MELGAR,003
15,NAZAS,BENITO JUAREZ,004
15,NAZAS,DIEZ DE ABRIL,009
15,NAZAS,DOLORES HIDALGO,010
15,NAZAS,EMILIO CARRANZA,011
15,NAZAS,JOSE GUADALUPE RODRIGUEZ,014
15,NAZAS,SAN JOSE DEL PAJARITO (PAJARITO),018
15,NAZAS,PASO NACIONAL,019
15,NAZAS,LA PERLA,020
15,NAZAS,GENERAL LAZARO CARDENAS (PUEBLO NUEVO),025
15,NAZAS,SANTA BARBARA,026
15,NAZAS,SANTA TERESA DE LA UÑA,028
15,NAZAS,VEINTICINCO DE DICIEMBRE,029
15,NAZAS,MEZQUITALILLO (SALITRERAS),058
21,PEÑÓN BLANCO,PENON BLANCO,000
21,PEÑÓN BLANCO,PENON BLANCO,001
21,PEÑÓN BLANCO,LA CONCHA,005
21,PEÑÓN BLANCO,COLONIA COVADONGA,006
21,PEÑÓN BLANCO,LAS CRUCES,007
21,PEÑÓN BLANCO,GENERAL JESUS AGUSTIN CASTRO (INDEPENDENCIA),012
21,PEÑÓN BLANCO,IGNACIO ZARAGOZA (SAN PABLO),015
21,PEÑÓN BLANCO,COLONIA JUAREZ,017
21,PEÑÓN BLANCO,LUIS MOYA (SAN ISIDRO),018
21,PEÑÓN BLANCO,SAN PEDRO DEL ALAMO (EL ALAMO),025
21,PEÑÓN BLANCO,VICTOR MANUEL SANCHEZ (JACALES),031
21,PEÑÓN BLANCO,YERBANIS,032
21,PEÑÓN BLANCO,EL REFUGIO,994
21,PEÑÓN BLANCO,EL PORVENIR,995
21,PEÑÓN BLANCO,LA LUZ,996
21,PEÑÓN BLANCO,JESUS MARIA,997
24,RODEO,RODEO,000
24,RODEO,RODEO,001
24,RODEO,ABASOLO,002
24,RODEO,ALAMILLO GALEANA,003
24,RODEO,LOS AMOLES,004
24,RODEO,LOS ANGELES (TIERRA PRIETA),005
24,RODEO,LAS ANIMAS,006
24,RODEO,ARROYO DE CONETO,007
24,RODEO,BARRIO DE GUADALUPE,009
24,RODEO,BUENAVISTA,010
24,RODEO,LA CUESTA DE PALMITOS,011
24,RODEO,FRANCISCO ZARCO (TATANTON),014
24,RODEO,HEROES DE MEXICO (LA ANGOSTURA),016
24,RODEO,HIDALGO DE SAN ANTONIO,017
24,RODEO,HIGUERAS,018
24,RODEO,JESUS GONZALEZ ORTEGA,019
24,RODEO,LABOR DE GUADALUPE,020
24,RODEO,LOS LADRILLOS,021
24,RODEO,LEANDRO VALLE,022
24,RODEO,LINARES DEL RIO,023
24,RODEO,NIÑOS HEROES (SAN RAFAEL),024
24,RODEO,OJO DE AGUA,025
24,RODEO,EL PARIAN,027
24,RODEO,UNION Y PROGRESO (EL TEJABAN),029
24,RODEO,SAN PEDRO,031
24,RODEO,SAN SALVADOR DE HORTA,033
24,RODEO,SANTA BARBARA,034
24,RODEO,TIERRA BLANCA,036
24,RODEO,VALLE NACIONAL (EL BANCO),037
27,SAN JUAN DE GUADALUPE,SAN JUAN DE GUADALUPE,000
27,SAN JUAN DE GUADALUPE,SAN JUAN DE GUADALUPE,001
27,SAN JUAN DE GUADALUPE,ACACIO (ESTACION ACACIO),002
27,SAN JUAN DE GUADALUPE,AGUA NUEVA,003
27,SAN JUAN DE GUADALUPE,LA BARRANCA,004
27,SAN JUAN DE GUADALUPE,BENITO JUAREZ (EL CAPADERO),005
27,SAN JUAN DE GUADALUPE,CIPRIANO,009
27,SAN JUAN DE GUADALUPE,LA ESCALERA,011
27,SAN JUAN DE GUADALUPE,LOS ESQUIVELES,012
27,SAN JUAN DE GUADALUPE,EL FLOREÑO,013
27,SAN JUAN DE GUADALUPE,GUADALUPITO,014
27,SAN JUAN DE GUADALUPE,MAGALLANES,016
27,SAN JUAN DE GUADALUPE,NUEVA REFORMA,017
27,SAN JUAN DE GUADALUPE,EL PAVO (MINERAL EL DIEZ),020
27,SAN JUAN DE GUADALUPE,LA PLANILLA,021
27,SAN JUAN DE GUADALUPE,SALITRILLO (LA PRESITA),024
27,SAN JUAN DE GUADALUPE,SANTA CRUZ DEL OREGANO (EL OREGANO),031
27,SAN JUAN DE GUADALUPE,SANTO NIÑO,032
27,SAN JUAN DE GUADALUPE,VICENTE GUERRERO (SIETE ZACATES),033
27,SAN JUAN DE GUADALUPE,SYMON (ESTACION SYMON),034
27,SAN JUAN DE GUADALUPE,LAZARO CARDENAS (EL ZACATE),037
27,SAN JUAN DE GUADALUPE,EL ZORRILLO,038
27,SAN JUAN DE GUADALUPE,EL CERRITO,064
29,SAN LUIS DEL CORDERO,SAN LUIS DEL CORDERO,000
29,SAN LUIS DEL CORDERO,SAN LUIS DEL CORDERO,001
29,SAN LUIS DEL CORDERO,LAS CUEVAS,004
29,SAN LUIS DEL CORDERO,LA PURISIMA (EL CHARCO),008
29,SAN LUIS DEL CORDERO,SAN ELIAS,010
29,SAN LUIS DEL CORDERO,SAN JOSE DEL REFUGIO,011
29,SAN LUIS DEL CORDERO,SAN JUAN DE LAS BOQUILLAS,012
29,SAN LUIS DEL CORDERO,TEPALCATEÑO,014
30,SAN PEDRO DEL GALLO,SAN PEDRO DEL GALLO,000
30,SAN PEDRO DEL GALLO,SAN PEDRO DEL GALLO,001
30,SAN PEDRO DEL GALLO,BOQUILLA DE GERARDO,005
30,SAN PEDRO DEL GALLO,CINCO DE MAYO,011
30,SAN PEDRO DEL GALLO,PEÑOLES,024
30,SAN PEDRO DEL GALLO,SANTO DOMINGO,032
31,SANTA CLARA,SANTA CLARA,000
31,SANTA CLARA,SANTA CLARA,001
31,SANTA CLARA,DIEZ DE ABRIL,004
31,SANTA CLARA,EL NARANJO,009
31,SANTA CLARA,EL NOGALITO (NOGALES),010
31,SANTA CLARA,SAN ANTONIO DE LA LAGUNA,014
31,SANTA CLARA,SAN MARCOS (24 DE FEBRERO),016
31,SANTA CLARA,SAN FRANCISCO COL,997
36,TLAHUALILO,TLAHUALILO,000
36,TLAHUALILO,TLAHUALILO DE ZARAGOZA,001
36,TLAHUALILO,AMAPOLAS,004
36,TLAHUALILO,BANCO NACIONAL,009
36,TLAHUALILO,LA CAMPANA,011
36,TLAHUALILO,CECEDA,015
36,TLAHUALILO,DIVISION DEL NORTE,019
36,TLAHUALILO,SAN FRANCISCO DE HORIZONTE (HORIZONTE),027
36,TLAHUALILO,JAUJA,030
36,TLAHUALILO,EL LUCERO (ARCINAS),034
36,TLAHUALILO,NUEVO MEXICO,039
36,TLAHUALILO,OQUENDO,040
36,TLAHUALILO,EL PALOMAR,041
36,TLAHUALILO,PAMPLONA,042
36,TLAHUALILO,PROVIDENCIA,049
36,TLAHUALILO,ROSAS,056
36,TLAHUALILO,SAN JULIO,063
36,TLAHUALILO,SAN MIGUEL DEL REAL,107
36,TLAHUALILO,NOMBRE DE DIOS,115
36,TLAHUALILO,LA SIERRITA,119
36,TLAHUALILO,EL RENEGADO (LA PERLA),125
36,TLAHUALILO,MORELOS,995
36,TLAHUALILO,IBERIA,997
2,CANELAS,CANELAS,000
2,CANELAS,CANELAS,001
2,CANELAS,MESA DE GUADALUPE,057
2,CANELAS,EL OJITO DE CAMELLONES,068
2,CANELAS,EL PUERTO DEL AGUA,087
2,CANELAS,EL SALTO DE CAMELLONES,097
2,CANELAS,LA TEMBLADORA,109
2,CANELAS,VASCOGIL,114
2,CANELAS,LA YERBABUENA,118
2,CANELAS,ZAPOTES DE VALENCIA,123
2,CANELAS,LLANO BLANCO,181
2,CANELAS,ARROYO GRANDE,315
2,CANELAS,LAS TROJAS,345
2,CANELAS,LA CIENEGA,373
2,CANELAS,LA ANGOSTURA,411
2,CANELAS,ZAPOTES,973
2,CANELAS,CUEVECILLAS,988
9,GUANACEVÍ,GUANACEVI,000
9,GUANACEVÍ,GUANACEVI,001
9,GUANACEVÍ,AGUA CALIENTE,003
9,GUANACEVÍ,ARROYO DEL HACHO (LA CRUZ),010
9,GUANACEVÍ,BAJIO REDONDO,014
9,GUANACEVÍ,BIOGAME,018
9,GUANACEVÍ,BOLERAS,019
9,GUANACEVÍ,CIENEGA DE LA VACA,028
9,GUANACEVÍ,CIENEGA DE QUELITES (QUELITES),030
9,GUANACEVÍ,CIENEGA PRIETA,031
9,GUANACEVÍ,COSCOMATE,035
9,GUANACEVÍ,CHIQUEROS,038
9,GUANACEVÍ,ESCOBAR Y ANEXOS,042
9,GUANACEVÍ,JOSE MARIA MORELOS,045
9,GUANACEVÍ,LLANO GRANDE,051
9,GUANACEVÍ,LOS NOPALES,053
9,GUANACEVÍ,LAS POMAS,057
9,GUANACEVÍ,POSTA DE JIHUITES,059
9,GUANACEVÍ,LA ROSILLA,066
9,GUANACEVÍ,EL SALITRE,067
9,GUANACEVÍ,SAN FRANCISCO DE LOS REMEDIOS (LAS PINTAS),072
9,GUANACEVÍ,SAN PEDRO,078
9,GUANACEVÍ,ZAPE CHICO,086
9,GUANACEVÍ,EL ZAPE,087
9,GUANACEVÍ,LAGUNA SECA (LAS MANGAS),089
9,GUANACEVÍ,EL CEDRO,102
9,GUANACEVÍ,ARROYO DE LAS PIEDRAS,103
9,GUANACEVÍ,LA QUEBRADA,106
9,GUANACEVÍ,CENDRADILLAS,125
9,GUANACEVÍ,AGUA DEL PINO,228
9,GUANACEVÍ,ARROYO DE LAJAS (LAJAS),241
9,GUANACEVÍ,SAN FRANCISCO,280
9,GUANACEVÍ,PIEDRA BOLA,312
9,GUANACEVÍ,SAN FRANCISCO DE LOS CANO,317
9,GUANACEVÍ,EL PALOMO,395
9,GUANACEVÍ,TORO QUEMADO,984
9,GUANACEVÍ,LA LAGUNITA,992
9,GUANACEVÍ,LA CIMBRA,996
19,OTÁEZ,OTAEZ,000
19,OTÁEZ,OTAEZ,001
19,OTÁEZ,BANOME,007
19,OTÁEZ,CAMPANILLAS,010
19,OTÁEZ,LOS CARDOS,012
19,OTÁEZ,LA CIENEGUITA,019
19,OTÁEZ,CUANAS,020
19,OTÁEZ,HUAJUPA,031
19,OTÁEZ,SAN MIGUEL DE PIELAGOS,044
19,OTÁEZ,PRISCOS,046
19,OTÁEZ,EL PUERTO DE SAN RAFAEL,048
19,OTÁEZ,EL RINCON,051
19,OTÁEZ,SAN IGNACIO DE HUAPIPUJE,056
19,OTÁEZ,SAN JOSE DE BACIS,057
19,OTÁEZ,SAN MARCOS,058
19,OTÁEZ,SAN PEDRO DE AZAFRANES,060
19,OTÁEZ,SIERRA SANTA,063
19,OTÁEZ,LA SIERRITA,064
19,OTÁEZ,TEPOCATITA,066
19,OTÁEZ,ZAPOTES,073
19,OTÁEZ,LA HACIENDITA,088
19,OTÁEZ,SAN JOSE DE LA LAGUNA,113
19,OTÁEZ,MACHO BAYO,135
19,OTÁEZ,LOS ARROYOS,142
19,OTÁEZ,SAN FRANCISCO,186
19,OTÁEZ,SANTIAGO DE BOSOS II,986
19,OTÁEZ,SANTA MARIA,987
19,OTÁEZ,NUEVO PORVENIR,992
19,OTÁEZ,CEBADILLITA,997
32,SANTIAGO PAPASQUIARO,SANTIAGO PAPASQUIARO,000
32,SANTIAGO PAPASQUIARO,SANTIAGO PAPASQUIARO,001
32,SANTIAGO PAPASQUIARO,EL AGUAJITO,005
32,SANTIAGO PAPASQUIARO,LA ALAMEDA,006
32,SANTIAGO PAPASQUIARO,LOS ALGODONES,008
32,SANTIAGO PAPASQUIARO,LOS ALTARES,010
32,SANTIAGO PAPASQUIARO,ARANAS,011
32,SANTIAGO PAPASQUIARO,EL ARCO,012
32,SANTIAGO PAPASQUIARO,ATOTONILCO,014
32,SANTIAGO PAPASQUIARO,BARRAZAS,016
32,SANTIAGO PAPASQUIARO,CANATAN,020
32,SANTIAGO PAPASQUIARO,EL CAZADERO,024
32,SANTIAGO PAPASQUIARO,LA CIENEGA DE SAN JOSE,029
32,SANTIAGO PAPASQUIARO,EL ENCINAL,044
32,SANTIAGO PAPASQUIARO,LA ESTANCIA,045
32,SANTIAGO PAPASQUIARO,LAS FLORES,046
32,SANTIAGO PAPASQUIARO,FRANCISCO JAVIER LEYVA,047
32,SANTIAGO PAPASQUIARO,GARAME DE ABAJO,050
32,SANTIAGO PAPASQUIARO,GARAME DE ARRIBA,051
32,SANTIAGO PAPASQUIARO,EL GUAMUCHIL,052
32,SANTIAGO PAPASQUIARO,LOS HERRERA,055
32,SANTIAGO PAPASQUIARO,JOSE RAMON VALDEZ (EL JAGUEY),058
32,SANTIAGO PAPASQUIARO,JOSE SALOME ACOSTA (EL OLOTE),059
32,SANTIAGO PAPASQUIARO,LA LAGUNITA,060
32,SANTIAGO PAPASQUIARO,LA LOMA,063
32,SANTIAGO PAPASQUIARO,LUNA GONZALEZ,064
32,SANTIAGO PAPASQUIARO,LLANO PRIETO,065
32,SANTIAGO PAPASQUIARO,MARTINEZ DE ARRIBA,070
32,SANTIAGO PAPASQUIARO,MELCHOR OCAMPO,071
32,SANTIAGO PAPASQUIARO,JOSE MARIA MORELOS (CHINACATES),079
32,SANTIAGO PAPASQUIARO,EL NARANJITO,080
32,SANTIAGO PAPASQUIARO,LA PALESTINA,082
32,SANTIAGO PAPASQUIARO,LAS PALMAS,083
32,SANTIAGO PAPASQUIARO,LOS PASCUALES,084
32,SANTIAGO PAPASQUIARO,RINCON DE HUAJUPA,097
32,SANTIAGO PAPASQUIARO,CIENEGA DE SALPICA EL AGUA,101
32,SANTIAGO PAPASQUIARO,EL SALVADOR,102
32,SANTIAGO PAPASQUIARO,SAN DIEGO DE TENZAENS,108
32,SANTIAGO PAPASQUIARO,SANDOVALES,109
32,SANTIAGO PAPASQUIARO,SAN IGNACIO,111
32,SANTIAGO PAPASQUIARO,SAN JAVIER,112
32,SANTIAGO PAPASQUIARO,SAN JOSE DEL PACHON,115
32,SANTIAGO PAPASQUIARO,SAN JUAN DE CAMARONES,117
32,SANTIAGO PAPASQUIARO,SAN MANUEL DE LA GALERA,120
32,SANTIAGO PAPASQUIARO,SAN MIGUEL DEL CANTIL,121
32,SANTIAGO PAPASQUIARO,SAN MIGUEL DE LOS PINOS (RANCHO VIEJO),122
32,SANTIAGO PAPASQUIARO,SAN MIGUEL DE PAPASQUIARO,123
32,SANTIAGO PAPASQUIARO,SAN MIGUEL DEL ALTO,124
32,SANTIAGO PAPASQUIARO,SANTA CRUZ DE MACOS,127
32,SANTIAGO PAPASQUIARO,SANTA RITA DEL PACHON (SANTA RITA),131
32,SANTIAGO PAPASQUIARO,SANTA TERESA DEL PACHON (SANTA TERESA),134
32,SANTIAGO PAPASQUIARO,SOYUPA,138
32,SANTIAGO PAPASQUIARO,EL TAMBOR,140
32,SANTIAGO PAPASQUIARO,SAN PEDRO DE TENERAPA,142
32,SANTIAGO PAPASQUIARO,VASCOGIL,146
32,SANTIAGO PAPASQUIARO,BAJIOS DEL PINTO,148
32,SANTIAGO PAPASQUIARO,LOS OJITOS (EL YAQUI),154
32,SANTIAGO PAPASQUIARO,LAGUNA DE LA CHAPARRA (RANAS),156
32,SANTIAGO PAPASQUIARO,SAN JOSE DE FAVELAS (FAVELAS),168
32,SANTIAGO PAPASQUIARO,RINCON DE NEVAREZ,170
32,SANTIAGO PAPASQUIARO,LA CAMPANA,183
32,SANTIAGO PAPASQUIARO,NUEVO SAN DIEGO (EL CABALLO),208
32,SANTIAGO PAPASQUIARO,SANTA EFIGENIA,219
32,SANTIAGO PAPASQUIARO,EL PATIO DE ALTARES,257
32,SANTIAGO PAPASQUIARO,SAN JOSE DE CAÑAS,266
32,SANTIAGO PAPASQUIARO,LA SIERRITA,274
32,SANTIAGO PAPASQUIARO,EL PORVENIR,290
32,SANTIAGO PAPASQUIARO,EL ALAMITO,306
32,SANTIAGO PAPASQUIARO,EL COMEDERO,396
32,SANTIAGO PAPASQUIARO,LA HUERTA,399
32,SANTIAGO PAPASQUIARO,ROSA MORADA,654
32,SANTIAGO PAPASQUIARO,CORRALES BLANCOS,675
32,SANTIAGO PAPASQUIARO,CIENEGA DE NUESTRA SEÑORA DE GUADALUPE,728
32,SANTIAGO PAPASQUIARO,SAN NICOLAS DE ARRIBA,964
32,SANTIAGO PAPASQUIARO,BAJIO DE LLANO BLANCO,994
32,SANTIAGO PAPASQUIARO,LOS AYUCHES (LOS AYUTES),995
34,TAMAZULA,TAMAZULA,000
34,TAMAZULA,TAMAZULA DE VICTORIA,001
34,TAMAZULA,ACACHUANE,002
34,TAMAZULA,ACATITAN,003
34,TAMAZULA,AGUA CALIENTE,005
34,TAMAZULA,AGUA CALIENTE,006
34,TAMAZULA,AMACUABLE,021
34,TAMAZULA,AMACULI,022
34,TAMAZULA,LA BELLEZA,047
34,TAMAZULA,LA CAMPANA,066
34,TAMAZULA,EL CARRIZAL,080
34,TAMAZULA,LA CEBADILLA,090
34,TAMAZULA,LA CIENEGA DE OTATES,093
34,TAMAZULA,CIENEGA DE LOS BELTRANES,097
34,TAMAZULA,LA COFRADIA,107
34,TAMAZULA,COLOMA,108
34,TAMAZULA,LAS CRUCES,122
34,TAMAZULA,CHACALA,133
34,TAMAZULA,CHAPOTAN,136
34,TAMAZULA,EL CHICURAL,139
34,TAMAZULA,EL FRIJOLAR,160
34,TAMAZULA,EL FRIJOLAR,161
34,TAMAZULA,EL GACHUPIN,162
34,TAMAZULA,LAS GARROCHAS,163
34,TAMAZULA,GUADALUPE DE URREA,167
34,TAMAZULA,EL GUAMUCHIL,168
34,TAMAZULA,EL GUAYABO,176
34,TAMAZULA,LAS HIGUERITAS,198
34,TAMAZULA,HUIZOLIXTA,205
34,TAMAZULA,EL IGUALAMO,207
34,TAMAZULA,JALA,211
34,TAMAZULA,EL LIMON,242
34,TAMAZULA,EL LLANO REDONDO,250
34,TAMAZULA,LOS LLANITOS,252
34,TAMAZULA,LA MANTECOSA,253
34,TAMAZULA,LOS MEDIOS,256
34,TAMAZULA,LA MESA DEL RODEO,261
34,TAMAZULA,EL MUERTO,282
34,TAMAZULA,OSOS BRAVOS,293
34,TAMAZULA,EL PALMAREJO,304
34,TAMAZULA,PALMILLAS,309
34,TAMAZULA,PIE DE LA CUESTA,324
34,TAMAZULA,PIE DE LA CUESTA DE PALMILLAS,325
34,TAMAZULA,PITORREAL,335
34,TAMAZULA,EL PORTEZUELO (EL LIMONCITO),340
34,TAMAZULA,EL POTRERO DE LA VENTANA,352
34,TAMAZULA,QUEBRADA DE LOS SANCHEZ,366
34,TAMAZULA,QUENIBAS,373
34,TAMAZULA,LOS REMEDIOS,383
34,TAMAZULA,RINCON DE LOS MACEDO,386
34,TAMAZULA,RANCHO SAN DIEGO,404
34,TAMAZULA,SAN JORGE,412
34,TAMAZULA,SAN JOSE DE CHIQUERITOS,414
34,TAMAZULA,SAN JUAN,418
34,TAMAZULA,SANTA ANA,422
34,TAMAZULA,SANTA FE,425
34,TAMAZULA,SANTA GERTRUDIS,427
34,TAMAZULA,SANTA MARIA DE LOS REMEDIOS,428
34,TAMAZULA,LA SIERRITA,441
34,TAMAZULA,EL ZAPATERO,491
34,TAMAZULA,EL LIMON DE COPALQUIN,501
34,TAMAZULA,EL JAGUITAL,512
34,TAMAZULA,LOS FRAILES,515
34,TAMAZULA,EL TECUAN,516
34,TAMAZULA,TODOS SANTOS,517
34,TAMAZULA,LAS CUEVAS,519
34,TAMAZULA,LA ALAMEDA,520
34,TAMAZULA,SAN DARIO,527
34,TAMAZULA,LA VAINILLA,532
34,TAMAZULA,EL BARCO,538
34,TAMAZULA,NOROTAL,539
34,TAMAZULA,LOS VASITOS,540
34,TAMAZULA,LOS AGUAJITOS,544
34,TAMAZULA,LAS HIGUERAS,552
34,TAMAZULA,EL PALMAREJO,566
34,TAMAZULA,VETILLAS,582
34,TAMAZULA,EL DURAZNO,592
34,TAMAZULA,EL RINCON,606
34,TAMAZULA,EL CARRIZO DE LA PETACA,622
34,TAMAZULA,GUAJOLOTES,635
34,TAMAZULA,LA HIGUERA,638
34,TAMAZULA,LA CUPIA,645
34,TAMAZULA,EL PALMAR,649
34,TAMAZULA,PITO REAL,653
34,TAMAZULA,SAHUATENIPA,659
34,TAMAZULA,SAN IGNACIO,660
34,TAMAZULA,MESA DEL VENADO,669
34,TAMAZULA,EL DURAZNO,675
34,TAMAZULA,EL AGUAJE,689
34,TAMAZULA,CARRICITOS,723
34,TAMAZULA,LAS IGLESIAS,771
34,TAMAZULA,LAS LAJAS,779
34,TAMAZULA,EL CONFITAL,792
34,TAMAZULA,LAS MESAS DE LA CONCEPCION,794
34,TAMAZULA,EL PAPAGAYO,805
34,TAMAZULA,EL PINO,814
34,TAMAZULA,EL REALITO DE LA VENTANA,835
34,TAMAZULA,EL RODEO,841
34,TAMAZULA,SAN FERNANDO,861
34,TAMAZULA,LOS TEJABANES,875
34,TAMAZULA,SANTA ROSA,914
34,TAMAZULA,LA CIENEGA DEL TULE,942
34,TAMAZULA,LOS REYES,958
34,TAMAZULA,COPALQUIN,027
34,TAMAZULA,LA PRESA,103
34,TAMAZULA,EL JUDIO,105
34,TAMAZULA,EL POTRERO DE ARRIBA,106
34,TAMAZULA,VIBORILLAS,118
34,TAMAZULA,EL ZAPOTILLO,121
34,TAMAZULA,COLUTA,145
34,TAMAZULA,LA MESA ANCHA,179
34,TAMAZULA,SAN LUISITO,195
34,TAMAZULA,CHIHUAHUILLA,284
34,TAMAZULA,EL RANCHITO,346
34,TAMAZULA,SAN JUAN DEL TECUAN,923
34,TAMAZULA,SAN CAYETANO DE PERICOS DELG CO.,927
34,TAMAZULA,EL SALTITO,929
34,TAMAZULA,LAS MILPAS DE COPALQUIN,955
34,TAMAZULA,CEBADILLA DE SANTA ANA,984
34,TAMAZULA,BASTANTITA,992
34,TAMAZULA,AGUAJE DEL DURAZNO,996
35,TEPEHUANES,TEPEHUANES,000
35,TEPEHUANES,SANTA CATARINA DE TEPEHUANES,001
35,TEPEHUANES,ARROYO CHICO,005
35,TEPEHUANES,LOS BAGRES,007
35,TEPEHUANES,LA BUFA,013
35,TEPEHUANES,CAPULIN DE METATES,015
35,TEPEHUANES,CARRERAS,016
35,TEPEHUANES,CIENEGA DE ESCOBAR,020
35,TEPEHUANES,CIENEGA DE CABALLOS,021
35,TEPEHUANES,LOS CORRALES,028
35,TEPEHUANES,LAS FLORES,041
35,TEPEHUANES,EL HUACAL,045
35,TEPEHUANES,MESA DE LOS NAVAR,049
35,TEPEHUANES,METATES (METATITOS),050
35,TEPEHUANES,POTRERO DE CHAIDEZ,064
35,TEPEHUANES,PRESIDIO DE ABAJO (LA CANDELA),067
35,TEPEHUANES,LA PURISIMA,070
35,TEPEHUANES,EL REFUGIO (EL REFUGIO DE LOS LOBOS),073
35,TEPEHUANES,SAN ISIDRO DE LAS CALABAZAS (LAS CALABAZAS),078
35,TEPEHUANES,SAN JOSE DE LA BOCA,080
35,TEPEHUANES,SAN JUAN DEL NEGRO (SAN JUAN),082
35,TEPEHUANES,SAN MIGUEL DE LOBOS,085
35,TEPEHUANES,EL TAISTE,094
35,TEPEHUANES,EL TARAHUMAR,095
35,TEPEHUANES,LA ATASCOSA,097
35,TEPEHUANES,EL TULE,100
35,TEPEHUANES,YERBABUENA,102
35,TEPEHUANES,EL CONEJO,109
35,TEPEHUANES,SAN GERONIMO,125
35,TEPEHUANES,SAN RAFAEL,168
35,TEPEHUANES,JOYA DE FLORES,214
35,TEPEHUANES,LA SOLEDAD DE SAN ISIDRO (LA SOLEDAD),239
35,TEPEHUANES,LOS LLANITOS,287
35,TEPEHUANES,EL MINERAL DEL CATORCE,297
35,TEPEHUANES,EL GATO,319
35,TEPEHUANES,EL BAJIO LARGO,325
35,TEPEHUANES,BAJIOS DEL TARAHUMAR,998
37,TOPIA,TOPIA,000
37,TOPIA,TOPIA,001
37,TOPIA,EL CARMEN,044
37,TOPIA,EL DESTIERRO,070
37,TOPIA,GALANCITA,080
37,TOPIA,LOS DE DIARTE,110
37,TOPIA,EL NURITO,133
37,TOPIA,LA OJEDA,135
37,TOPIA,LOS PINOS,159
37,TOPIA,EL PLATANAR DE SIANORI,161
37,TOPIA,RANCHO DE ABAJO,180
37,TOPIA,RENTERIA,184
37,TOPIA,SAN BERNABE,197
37,TOPIA,LA SIERRITA DE SANTA BARBARA,212
37,TOPIA,RANCHO DE TIO JUAN,227
37,TOPIA,TORANCE,229
37,TOPIA,VALLE DE TOPIA,239
37,TOPIA,LA VEGA DEL OSO,246
37,TOPIA,SIANORI,365
37,TOPIA,EL COMEDERO,495
37,TOPIA,RINCON DE CRUCES,498
37,TOPIA,EL LAUREL,499
37,TOPIA,SAN ANTONIO,530
37,TOPIA,EL RINCON DE GALANCITA (EL RINCON DE LOS ALISOS),543
37,TOPIA,RINCON DE SIANORI (RINCON VIEJO),549
37,TOPIA,EL PALMAREJITO,581
37,TOPIA,ADJUNTA DE GALANCITA,888
39,NUEVO IDEAL,NUEVO IDEAL,000
39,NUEVO IDEAL,NUEVO IDEAL,001
39,NUEVO IDEAL,ASTILLEROS DE ABAJO,003
39,NUEVO IDEAL,BENITO JUAREZ (JUAREZ DE ABAJO),005
39,NUEVO IDEAL,BUENA UNION,007
39,NUEVO IDEAL,CAMPO HERMOSO,010
39,NUEVO IDEAL,CARTAGENA,015
39,NUEVO IDEAL,CHAPALA,016
39,NUEVO IDEAL,DOCTOR CASTILLO DEL VALLE (LAS HUERTAS),018
39,NUEVO IDEAL,LA ESCONDIDA,019
39,NUEVO IDEAL,ESFUERZOS UNIDOS,020
39,NUEVO IDEAL,FUENTE DEL LLANO (SANTIAGUILLO),022
39,NUEVO IDEAL,GUATIMAPE,023
39,NUEVO IDEAL,GUILLERMO PRIETO,024
39,NUEVO IDEAL,LIBERTADORES DEL LLANO (SANTA SOFIA),030
39,NUEVO IDEAL,MELCHOR OCAMPO (EL TREBOL),033
39,NUEVO IDEAL,MIGUEL NEGRETE (EL TOBOSO),034
39,NUEVO IDEAL,MODESTO QUEZADA (JUAREZ DE ARRIBA),035
39,NUEVO IDEAL,EL MOLINO,036
39,NUEVO IDEAL,EL NUEVO PORVENIR,040
39,NUEVO IDEAL,ONCE DE MARZO (TRINCHERAS),042
39,NUEVO IDEAL,PINOS ALTOS,046
39,NUEVO IDEAL,RAUL MADERO,049
39,NUEVO IDEAL,SAN JOSE DE MORILLITOS (LA PERLA),053
39,NUEVO IDEAL,SAN MIGUEL DE ALLENDE,055
39,NUEVO IDEAL,SANTO DOMINGO,060
39,NUEVO IDEAL,TEJAMEN,062
39,NUEVO IDEAL,VALLE FLORIDO (EL REFUGIO),065
39,NUEVO IDEAL,VILLA HERMOSA,068
39,NUEVO IDEAL,MAGDALENA,997
10,HIDALGO,HIDALGO,000
10,HIDALGO,VILLA HIDALGO,001
10,HIDALGO,BENJAMIN URIAS (SAN ANDRES),004
10,HIDALGO,IGNACIO VALENCIA (LOS ALAMITOS),017
10,HIDALGO,EL MIRADOR,020
10,HIDALGO,SAN BERNARDO (NUEVO SAN BERNARDO),021
10,HIDALGO,LAS PLAYAS,026
10,HIDALGO,EL PORTENTO (EL PINOLE),027
10,HIDALGO,REVOLUCION (LAS VIBORAS),029
10,HIDALGO,ROMAN ARREOLA (LA MIMBRERA),030
10,HIDALGO,SAN FERMIN,033
10,HIDALGO,VILLA UNION DE MUÑOZ (VILLA UNION),043
10,HIDALGO,LA ZARCA,044
10,HIDALGO,LA ESPERANZA,052
10,HIDALGO,EL CARRIZO,998
11,INDÉ,INDE,000
11,INDÉ,INDE,001
11,INDÉ,BUENOS AIRES (CHAPARRIENTAS),004
11,INDÉ,LAS DELICIAS,010
11,INDÉ,LA GALLEGA,013
11,INDÉ,IGNACIO ALLENDE (LOS ALLENDES),014
11,INDÉ,LOS MACHOS,015
11,INDÉ,EL PALMITO,021
11,INDÉ,LA PASTORIA,023
11,INDÉ,POTRERO DEL LLANO (BOQUILLA DEL MUERTO),026
11,INDÉ,LA PUERTA DE CABRERA (COLONIA AGRICOLA J. AGUIRRE),028
11,INDÉ,RANCHO NUEVO,029
11,INDÉ,SAN CRISTOBAL,034
11,INDÉ,SAN FRANCISCO DE ASIS,036
11,INDÉ,SAN JOSE DEL PRADO,039
11,INDÉ,SAN RAFAEL DE JICORICA,041
11,INDÉ,EL TORREON DE SAN ISIDRO,050
11,INDÉ,LA TRINIDAD,052
11,INDÉ,EL VETARRON,053
11,INDÉ,LA VICTORIA,054
11,INDÉ,LOS ZARQUEÑOS,056
11,INDÉ,SAN JOSE DE LOS PICACHOS,057
11,INDÉ,EL TIZONAZO,994
11,INDÉ,RANCHO DE PENA,997
17,OCAMPO,OCAMPO,000
17,OCAMPO,VILLA OCAMPO,001
17,OCAMPO,CANUTILLO,005
17,OCAMPO,EL ENCINO DE LA PAZ,009
17,OCAMPO,LA ESTANCIA,011
17,OCAMPO,MEXICO Y LOS LIRIOS,021
17,OCAMPO,LA NAVECILLA,024
17,OCAMPO,VILLA LAS NIEVES,025
17,OCAMPO,OJOS AZULES (CAMPO ALEGRE),028
17,OCAMPO,LA PROVIDENCIA,035
17,OCAMPO,RANCHO NUEVO,039
17,OCAMPO,SAN GABRIEL,046
17,OCAMPO,SAN JOSE DE LA MONTAÑA,049
17,OCAMPO,SANTA ANA,054
17,OCAMPO,SAUCES DE CANUTILLO,057
17,OCAMPO,GRACIANO SANCHEZ (TANQUE GRANDE),059
17,OCAMPO,TORREON DE CAÑAS,064
17,OCAMPO,VILLA ORESTES PEREYRA (ROSARIO),070
17,OCAMPO,LA HACIENDITA DEL ESPIRITU SANTO,158
17,OCAMPO,LLANOS DE COCINAS,251
17,OCAMPO,OJITO Y SAN MARTIN,998
18,EL ORO,EL ORO,000
18,EL ORO,SANTA MARIA DEL ORO,001
18,EL ORO,EL AGOSTADERO,002
18,EL ORO,LA BELLOTA,004
18,EL ORO,CAMPO AGRARIO (EL BRONCO),005
18,EL ORO,CASAS BLANCAS,006
18,EL ORO,PEDRO CELESTINO NEGRETE,008
18,EL ORO,SANTA RITA DE CASIA,009
18,EL ORO,EMILIANO MARTINEZ (TORRES),011
18,EL ORO,GENERAL ESCOBEDO,013
18,EL ORO,GENERAL HERMENEGILDO GALEANA (GALEANA),014
18,EL ORO,GENERAL IGNACIO ALLENDE (TORRECITAS),015
18,EL ORO,IGNACIO MANUEL ALTAMIRANO (EL PICACHO),017
18,EL ORO,MAGISTRAL DEL ORO (MAGISTRAL),019
18,EL ORO,GENERAL MARIANO MATAMOROS,021
18,EL ORO,MOJITOME,022
18,EL ORO,POBLADO DE PEÑA (PEÑA),028
18,EL ORO,PRIMERO DE MAYO (EL QUEMADO),031
18,EL ORO,SAN JOSE DE BARRAZA,038
18,EL ORO,SAN JOSE DE RAMOS (RAMOS),042
18,EL ORO,MINERAL DE SANTA CRUZ,044
18,EL ORO,SANTA CRUZ DE TEPEHUANES (EL PUEBLO CHILERO),045
18,EL ORO,SANTA ROSA,047
18,EL ORO,SAUCES DE CARDONA,049
18,EL ORO,UNION Y PROGRESO (LAS IGLESIAS),052
18,EL ORO,EL VERGEL,053
18,EL ORO,LA VARA DE SAN JUAN (LA VARA),056
25,SAN BERNARDO,SAN BERNARDO,000
25,SAN BERNARDO,SAN BERNARDO,001
25,SAN BERNARDO,EL ALFEREZ,004
25,SAN BERNARDO,AMADOR,005
25,SAN BERNARDO,CINCO DE JULIO,014
25,SAN BERNARDO,CHARCO AZUL,018
25,SAN BERNARDO,DIVISION DEL NORTE (LOS LOBOS),020
25,SAN BERNARDO,EL DURAZNO,021
25,SAN BERNARDO,MATALOTES,028
25,SAN BERNARDO,PROVIDENCIA,036
25,SAN BERNARDO,PUEBLO NUEVO (TALAYOTES),037
25,SAN BERNARDO,SAN JOSE DEL TULE,042
25,SAN BERNARDO,SAN JOSE DE SEXTIN,043
25,SAN BERNARDO,SAN JUAN DE HEREDIA (J. GUADALUPE RODRIGUEZ),044
25,SAN BERNARDO,SAN SIMON,045
25,SAN BERNARDO,SARDINAS,046
25,SAN BERNARDO,VEINTE DE ABRIL (LAS DELICIAS),054
25,SAN BERNARDO,BARAJAS,064
25,SAN BERNARDO,SOSA DE ABAJO,101
25,SAN BERNARDO,EL ALAMILLO,125
25,SAN BERNARDO,RANCHO DE SOSA,148
1,CANATLÁN,CANATLAN,000
1,CANATLÁN,CANATLAN,001
1,CANATLÁN,COLONIA ANAHUAC (PALO BLANCO),004
1,CANATLÁN,ARNULFO R. GOMEZ (LOS SAUCES),005
1,CANATLÁN,BENJAMIN ARANDA (SAN RAFAEL),010
1,CANATLÁN,BRUNO MARTINEZ (SAN BARTOLO),012
1,CANATLÁN,LA CAÑADA,022
1,CANATLÁN,CERRO GORDO,028
1,CANATLÁN,CIENEGUITAS,029
1,CANATLÁN,DOLORES HIDALGO (GOGOGITO),041
1,CANATLÁN,DONATO GUERRA,042
1,CANATLÁN,JOSE GUADALUPE AGUILERA(LA GRANJA),045
1,CANATLÁN,GOMELIA,052
1,CANATLÁN,IGNACIO M. ALTAMIRANO (LA LUZ),060
1,CANATLÁN,JOSE CRUZ GALVEZ (CAÑAS),062
1,CANATLÁN,JOSE GUADALUPE AGUILERA (SANTA LUCIA),063
1,CANATLÁN,LIRIOS DE LA SIERRA,066
1,CANATLÁN,MARQUESOTES DE GUADALUPE (CANELAS),071
1,CANATLÁN,GENERAL MARTIN LOPEZ,072
1,CANATLÁN,MAYMORITA,073
1,CANATLÁN,MEDINA,074
1,CANATLÁN,MIGUEL HIDALGO (VIBORILLAS),078
1,CANATLÁN,NICOLAS BRAVO,083
1,CANATLÁN,NOGALES,084
1,CANATLÁN,LA PLAZUELA (EL RAYO),100
1,CANATLÁN,EL POZOLE,102
1,CANATLÁN,EL PROGRESO (LOS PINOS),104
1,CANATLÁN,RANCHO COLORADO (RANCHO EL CURA),107
1,CANATLÁN,RICARDO FLORES MAGON,110
1,CANATLÁN,SAN DIEGO DE ALCALA,112
1,CANATLÁN,SAN JERONIMO DE JACALES,114
1,CANATLÁN,SAN JOSE DE GRACIA,115
1,CANATLÁN,SANTA ROSA DE ESCAMILLAS,119
1,CANATLÁN,LA SAUCEDA,123
1,CANATLÁN,LA SOLEDAD,127
1,CANATLÁN,EL TULE,130
1,CANATLÁN,VEINTIDOS DE MAYO,133
1,CANATLÁN,VENUSTIANO CARRANZA (OCOTAN),134
1,CANATLÁN,BELLA VISTA,888
1,CANATLÁN,LAS HUERTAS,997
3,CONETO DE COMONFORT,CONETO DE COMONFORT,000
3,CONETO DE COMONFORT,CONETO DE COMONFORT,001
3,CONETO DE COMONFORT,SAN FRANCISCO JAVIER DE LAJAS (LAJAS),004
3,CONETO DE COMONFORT,LAS MORENAS,007
3,CONETO DE COMONFORT,NOGALES,008
3,CONETO DE COMONFORT,LOS OJITOS,009
3,CONETO DE COMONFORT,PIPILA (CHIGANAYO),011
3,CONETO DE COMONFORT,EL PORVENIR,014
3,CONETO DE COMONFORT,SAN JOSE DE BASOCO,015
3,CONETO DE COMONFORT,SAPIORIS,016
3,CONETO DE COMONFORT,VIZCAINO,018
3,CONETO DE COMONFORT,IGNACIO ZARAGOZA (POTRILLOS),019
5,DURANGO,DURANGO,000
5,DURANGO,VICTORIA DE DURANGO,001
5,DURANGO,ABRAHAM GONZALEZ,127
5,DURANGO,ANTONIO CASTILLO,129
5,DURANGO,ANTONIO GAXIOLA (LA CARRETA),130
5,DURANGO,AQUILES SERDAN,131
5,DURANGO,EL ARENAL (SAN JERONIMO),132
5,DURANGO,BANDERAS DEL AGUILA,136
5,DURANGO,BELISARIO DOMINGUEZ,138
5,DURANGO,LA BOCA DEL MEZQUITAL,140
5,DURANGO,EL CARMEN Y ANEXOS,143
5,DURANGO,EL CARRIZO,145
5,DURANGO,CERRO PRIETO DOS,147
5,DURANGO,CINCO DE FEBRERO,149
5,DURANGO,CINCO DE MAYO,150
5,DURANGO,CONTRERAS,151
5,DURANGO,CORRAL DE BARRANCO,152
5,DURANGO,CRISTOBAL COLON,153
5,DURANGO,OJO DE AGUA DEL CAZADOR (CRUZ DE PIEDRA),154
5,DURANGO,DOLORES HIDALGO,164
5,DURANGO,EL DURAZNO,165
5,DURANGO,EMPALME PURISIMA,167
5,DURANGO,EL ENCINAL,168
5,DURANGO,REGOCIJO,171
5,DURANGO,FRAY FRANCISCO MONTES DE OCA,173
5,DURANGO,FRANCISCO VILLA NUEVO,174
5,DURANGO,FRANCISCO VILLA VIEJO,175
5,DURANGO,GABINO SANTILLAN,176
5,DURANGO,GENERAL CARLOS REAL,177
5,DURANGO,COLONIA GENERAL FELIPE ANGELES,179
5,DURANGO,GENERAL FELIPE ANGELES (EJIDO),180
5,DURANGO,GENERAL MARIANO MATAMOROS,181
5,DURANGO,GENERAL MAXIMO GARCIA (EL PINO),182
5,DURANGO,HEROE DE NACOZARI,185
5,DURANGO,COLONIA HIDALGO,187
5,DURANGO,LAS HUERTAS,188
5,DURANGO,IGNACIO LOPEZ RAYON,189
5,DURANGO,IGNACIO ZARAGOZA,190
5,DURANGO,INDEPENDENCIA Y LIBERTAD,191
5,DURANGO,JESUS GONZALEZ ORTEGA (PERICOS),192
5,DURANGO,JOSE MARIA MORELOS Y PAVON (LA TINAJA),193
5,DURANGO,JOSE REFUGIO SALCIDO,194
5,DURANGO,LA JOYA,195
5,DURANGO,JUAN B. CEBALLOS,197
5,DURANGO,LA LUZ,203
5,DURANGO,LLANO GRANDE,204
5,DURANGO,MALAGA,205
5,DURANGO,SAN MIGUEL DE LAS MARAVILLAS DE ARRIBA,207
5,DURANGO,MESAS DE URBINA,208
5,DURANGO,METATES (TENCHONTLE),209
5,DURANGO,LOS MIMBRES,210
5,DURANGO,MINERVA (COLONIA),211
5,DURANGO,MI PATRIA ES PRIMERO (MESA DEL CUERVO),212
5,DURANGO,MORCILLO,214
5,DURANGO,NAVAJAS,216
5,DURANGO,EL NAYAR,219
5,DURANGO,NICOLAS ROMERO,221
5,DURANGO,NUEVA PATRIA (SANTO DOMINGO),222
5,DURANGO,OTINAPA,223
5,DURANGO,PARRAS DE LA FUENTE,226
5,DURANGO,PILAR DE ZARAGOZA,229
5,DURANGO,PLAN DE AYALA,231
5,DURANGO,PRAXEDIS G. GUERRERO VIEJO,234
5,DURANGO,PRIMERO DE MAYO,235
5,DURANGO,EL PUEBLITO,236
5,DURANGO,PUERTA DE LA CANTERA,237
5,DURANGO,LA PUERTA DE SANTIAGO BAYACORA (PUERTA CHICA),238
5,DURANGO,QUINCE DE OCTUBRE,241
5,DURANGO,QUINCE DE SEPTIEMBRE,242
5,DURANGO,LA QUINTA,243
5,DURANGO,RIO VERDE,247
5,DURANGO,RODRIGUEZ PUEBLA,248
5,DURANGO,LA PERLA (SALCIDO),249
5,DURANGO,SAN BENITO,254
5,DURANGO,SAN CARLOS,255
5,DURANGO,SAN JOSE DE LA VINATA,263
5,DURANGO,SAN JOSE DEL MOLINO,264
5,DURANGO,SANTIAGO BAYACORA,277
5,DURANGO,SAN VICENTE DE CHUPADEROS,278
5,DURANGO,SEBASTIAN LERDO DE TEJADA,279
5,DURANGO,TOMAS URBINA,283
5,DURANGO,EL TUNAL,285
5,DURANGO,UNIDOS VENCEREMOS,286
5,DURANGO,VALLE FLORIDO,289
5,DURANGO,VEINTIOCHO DE SEPTIEMBRE,292
5,DURANGO,VEINTISIETE DE NOVIEMBRE,293
5,DURANGO,VICENTE SUAREZ,295
5,DURANGO,JOSE MARIA PINO SUAREZ,297
5,DURANGO,VILLA MONTEMORELOS,298
5,DURANGO,NUEVO CENTENARIO,300
5,DURANGO,LABOR DE GUADALUPE,325
5,DURANGO,EL SALTITO,334
5,DURANGO,LA FERRERIA (CUATRO DE OCTUBRE),340
5,DURANGO,SAN FRANCISCO DEL MANZANAL,342
5,DURANGO,SAN GABRIEL,363
5,DURANGO,GENERAL DOMINGO ARRIETA (PASTORES),395
5,DURANGO,PRESIDENTE SALVADOR ALLENDE,455
5,DURANGO,LA FLOR,567
5,DURANGO,EL PORVENIR,610
5,DURANGO,PRAXEDIS G. GUERRERO NUEVO (LA LOMA),613
5,DURANGO,SANTA LUCIA,645
5,DURANGO,LOS YESQUEROS,669
5,DURANGO,EL REFUGIO,725
5,DURANGO,COLONIA VALLE VERDE,919
5,DURANGO,SANTA CRUZ DE SAN JAVIER,984
5,DURANGO,RIO ESCONDIDO (LA LOMA),037
5,DURANGO,COLONIA LIBERACION SOCIAL,129
5,DURANGO,SAN SALVADOR DE CASA BLANCA,979
5,DURANGO,EL SALTILLO (SANTA MARTA),981
5,DURANGO,LAZARO CARDENAS,989
5,DURANGO,FRANCISCO MONTES DE OCA,993
5,DURANGO,FELIPE ANGELES,994
5,DURANGO,BENITO JUAREZ,997
8,GUADALUPE VICTORIA,GUADALUPE VICTORIA,000
8,GUADALUPE VICTORIA,GUADALUPE VICTORIA,001
8,GUADALUPE VICTORIA,ANTONIO AMARO (SAUCILLO),002
8,GUADALUPE VICTORIA,DOS DE ABRIL,003
8,GUADALUPE VICTORIA,FELIPE CARRILLO PUERTO (TARABILLAS),004
8,GUADALUPE VICTORIA,GENERAL ALVARO OBREGON,005
8,GUADALUPE VICTORIA,GENERAL CALIXTO CONTRERAS (COLORADA),006
8,GUADALUPE VICTORIA,IGNACIO ALLENDE,008
8,GUADALUPE VICTORIA,IGNACIO RAMIREZ,009
8,GUADALUPE VICTORIA,JOSE GUADALUPE RODRIGUEZ (PEÑUELAS),010
8,GUADALUPE VICTORIA,JOSE MARIA PINO SUAREZ (PROVIDENCIA),011
8,GUADALUPE VICTORIA,JUAN ALDAMA (MAGUEYES),012
8,GUADALUPE VICTORIA,SAN FRANCISCO DE LA PALMITA (LA PALMITA),014
8,GUADALUPE VICTORIA,SANTA CATALINA DE SIENA,015
8,GUADALUPE VICTORIA,GUADALUPE VICTORIA,996
8,GUADALUPE VICTORIA,FRANCISCO ZARCO,997
16,NOMBRE DE DIOS,NOMBRE DE DIOS,000
16,NOMBRE DE DIOS,NOMBRE DE DIOS,001
16,NOMBRE DE DIOS,AMADO NERVO,003
16,NOMBRE DE DIOS,OJO DE AGUA LOS BERROS (LOS BERROS),005
16,NOMBRE DE DIOS,LA CONSTANCIA,009
16,NOMBRE DE DIOS,CUEVA BLANCA,012
16,NOMBRE DE DIOS,EMILIO PORTES GIL,016
16,NOMBRE DE DIOS,FRANCISCO VILLA (SAN ISIDRO),021
16,NOMBRE DE DIOS,GENERAL FRANCISCO MURGUIA,023
16,NOMBRE DE DIOS,GABRIEL HERNANDEZ (MANCINAS),024
16,NOMBRE DE DIOS,IGNACIO ZARAGOZA (LAS COTORRAS),027
16,NOMBRE DE DIOS,LAURO DEL VILLAR,031
16,NOMBRE DE DIOS,EL LLANO,033
16,NOMBRE DE DIOS,EL MOLINO DEL PUEBLO,034
16,NOMBRE DE DIOS,NIXTALPAN,036
16,NOMBRE DE DIOS,OJO DE AGUA DE SAN JUAN,037
16,NOMBRE DE DIOS,EL PARTIDOR,040
16,NOMBRE DE DIOS,EL PUEBLITO VEINTE DE NOVIEMBRE (LA FABRICA),045
16,NOMBRE DE DIOS,REVOLUCION SOCIAL,047
16,NOMBRE DE DIOS,ROJAS,049
16,NOMBRE DE DIOS,SAN JOSE DE ACEVEDO,051
16,NOMBRE DE DIOS,SAN JOSE DE LA PARRILLA (LA PARRILLA),052
16,NOMBRE DE DIOS,SANTA CRUZ DE GUADALUPE,059
16,NOMBRE DE DIOS,TEXCALILLO,061
16,NOMBRE DE DIOS,EL TOBE,062
16,NOMBRE DE DIOS,TUITAN (SAN JOSE DE TUITAN),064
16,NOMBRE DE DIOS,EL VENADO,065
16,NOMBRE DE DIOS,SANTA CRUZ,996
20,PÁNUCO DE CORONADO,PANUCO DE CORONADO,000
20,PÁNUCO DE CORONADO,FRANCISCO I. MADERO,001
20,PÁNUCO DE CORONADO,GENERAL ARTURO BERNAL,003
20,PÁNUCO DE CORONADO,ENRIQUE CALDERON RODRIGUEZ,005
20,PÁNUCO DE CORONADO,DOCTOR FRANCISCO CASTILLO NAJERA,007
20,PÁNUCO DE CORONADO,FRANCISCO JAVIER MINA (CORRALEJO),008
20,PÁNUCO DE CORONADO,FRANCISCO RUEDA SERRANO,009
20,PÁNUCO DE CORONADO,HERMENEGILDO GALEANA,011
20,PÁNUCO DE CORONADO,GENERAL IGNACIO ZARAGOZA,012
20,PÁNUCO DE CORONADO,JOSE JERONIMO HERNANDEZ (PORFIAS),013
20,PÁNUCO DE CORONADO,GENERAL LAZARO CARDENAS,014
20,PÁNUCO DE CORONADO,JOSE LIBRADO RIVERA,015
20,PÁNUCO DE CORONADO,PANUCO DE CORONADO,020
20,PÁNUCO DE CORONADO,SAN JOSE DE AVINO,021
20,PÁNUCO DE CORONADO,VEINTIOCHO DE MAYO (SANTA RITA),022
20,PÁNUCO DE CORONADO,ADOLFO LOPEZ MATEOS (AGUINALDO),063
22,POANAS,POANAS,000
22,POANAS,VILLA UNION,001
22,POANAS,LOS ANGELES,003
22,POANAS,CIENEGUILLA,005
22,POANAS,18 DE AGOSTO,007
22,POANAS,LA JOYA,009
22,POANAS,NARCISO MENDOZA,010
22,POANAS,NORIA DE LOS PILARES,011
22,POANAS,LA OCHOA,012
22,POANAS,ORIZABA,013
22,POANAS,ESTACION POANAS,014
22,POANAS,EL POTOSI,015
22,POANAS,SAN ATENOGENES (LA VILLITA),019
22,POANAS,FRANCISCO ZARCO,024
22,POANAS,EL REFUGIO,998
28,SAN JUAN DEL RIO,SAN JUAN DEL RIO,000
28,SAN JUAN DEL RIO,SAN JUAN DEL RIO DEL CENTAURO DEL NORTE,001
28,SAN JUAN DEL RIO,EL AGUAJE,003
28,SAN JUAN DEL RIO,ATOTONILCO,004
28,SAN JUAN DEL RIO,CIENEGA GRANDE,008
28,SAN JUAN DEL RIO,CHARCO HONDO,013
28,SAN JUAN DEL RIO,DIEZ DE OCTUBRE (SAN LUCAS DE OCAMPO),015
28,SAN JUAN DEL RIO,ESTANCIA BLANCA,016
28,SAN JUAN DEL RIO,PUEBLO NUEVO FRANCISCO DE IBARRA (EL CRUCERO),017
28,SAN JUAN DEL RIO,FRANCISCO PRIMO VERDAD (MENORES DE ABAJO),018
28,SAN JUAN DEL RIO,GONZALEZ ORTEGA (SANTA ROSALIA),019
28,SAN JUAN DEL RIO,IGNACIO LOPEZ RAYON (POTRERO DE LOS HIGOS),021
28,SAN JUAN DEL RIO,JOSE MARIA PATONI (MENORES DE ARRIBA),022
28,SAN JUAN DEL RIO,LEONA VICARIO,023
28,SAN JUAN DEL RIO,LLANO DEL PINO,024
28,SAN JUAN DEL RIO,OTILIO MONTAÑO (LA BOQUILLA),026
28,SAN JUAN DEL RIO,EL RESBALON,031
28,SAN JUAN DEL RIO,RIO GRANDE,033
28,SAN JUAN DEL RIO,SAN AGUSTIN DE OCAMPO,034
28,SAN JUAN DEL RIO,EL SAUCITO,037
28,SAN JUAN DEL RIO,SAUZ DE ABAJO,038
28,SAN JUAN DEL RIO,SAUZ DE ARRIBA,039
28,SAN JUAN DEL RIO,EL TERRERO,040
28,SAN JUAN DEL RIO,TOLEDO,042
28,SAN JUAN DEL RIO,RANCHO LOS CHARCOS,046
28,SAN JUAN DEL RIO,EL CHABACANO,047
33,SÚCHIL,SUCHIL,000
33,SÚCHIL,SUCHIL,001
33,SÚCHIL,ALEJANDRO,002
33,SÚCHIL,ALEMAN (ALEMAN VIEJO),003
33,SÚCHIL,HACIENDA EL MORTERO,010
33,SÚCHIL,SAN JUAN DE MICHIS,013
33,SÚCHIL,SAN MIGUEL DE LA MICHILIA,016
33,SÚCHIL,SANTA CRUZ,017
33,SÚCHIL,LA SOLEDAD,019
33,SÚCHIL,EMILIANO ZAPATA (LOS COCONOS),021
33,SÚCHIL,MESA DE TABACOS,051
38,VICENTE GUERRERO,VICENTE GUERRERO,000
38,VICENTE GUERRERO,VICENTE GUERRERO,001
38,VICENTE GUERRERO,EL ANCON,002
38,VICENTE GUERRERO,GRACEROS,003
38,VICENTE GUERRERO,ALFREDO V. BONFIL (POMPEYA),006
38,VICENTE GUERRERO,SAN FRANCISCO JAVIER,007
38,VICENTE GUERRERO,SAN ISIDRO DE MURILLOS,008
38,VICENTE GUERRERO,SAN JOSE DE LAS CORRIENTES,009
38,VICENTE GUERRERO,SAN JOSE DEL MOLINO,010
38,VICENTE GUERRERO,SAN PEDRO ALCANTARA,011
38,VICENTE GUERRERO,ESTACION VICENTE GUERRERO,012
